{
  "providers": [
    {
      "type": "bitmap",
      "file": "minecraft:gui/player_death_title/03.png",
      "ascent": 34,
      "height": 64,
      "chars": [ "\uE803" ]
    },
    {
      "type": "bitmap",
      "file": "minecraft:gui/player_death_title/04.png",
      "ascent": 34,
      "height": 64,
      "chars": [ "\uE804" ]
    },
    {
      "type": "bitmap",
      "file": "minecraft:gui/player_death_title/05.png",
      "ascent": 34,
      "height": 64,
      "chars": [ "\uE805" ]
    },
    {
      "type": "bitmap",
      "file": "minecraft:gui/player_death_title/06.png",
      "ascent": 34,
      "height": 64,
      "chars": [ "\uE806" ]
    },
    {
      "type": "bitmap",
      "file": "minecraft:gui/player_death_title/07.png",
      "ascent": 34,
      "height": 64,
      "chars": [ "\uE807" ]
    },
    {
      "type": "bitmap",
      "file": "minecraft:gui/player_death_title/08.png",
      "ascent": 34,
      "height": 64,
      "chars": [ "\uE808" ]
    },
    {
      "type": "bitmap",
      "file": "minecraft:gui/player_death_title/09.png",
      "ascent": 34,
      "height": 64,
      "chars": [ "\uE809" ]
    },
    {
      "type": "bitmap",
      "file": "minecraft:gui/player_death_title/10.png",
      "ascent": 34,
      "height": 64,
      "chars": [ "\uE810" ]
    },
    {
      "type": "bitmap",
      "file": "minecraft:gui/player_death_title/11.png",
      "ascent": 34,
      "height": 64,
      "chars": [ "\uE811" ]
    },
    {
      "type": "bitmap",
      "file": "minecraft:gui/player_death_title/12.png",
      "ascent": 34,
      "height": 64,
      "chars": [ "\uE812" ]
    },
    {
      "type": "bitmap",
      "file": "minecraft:gui/player_death_title/13.png",
      "ascent": 34,
      "height": 64,
      "chars": [ "\uE813" ]
    },
    {
      "type": "bitmap",
      "file": "minecraft:gui/player_death_title/14.png",
      "ascent": 34,
      "height": 64,
      "chars": [ "\uE814" ]
    },
    {
      "type": "bitmap",
      "file": "minecraft:gui/player_death_title/15.png",
      "ascent": 34,
      "height": 64,
      "chars": [ "\uE815" ]
    },
    {
      "type": "bitmap",
      "file": "minecraft:gui/player_death_title/16.png",
      "ascent": 34,
      "height": 64,
      "chars": [ "\uE816" ]
    },
    {
      "type": "bitmap",
      "file": "minecraft:gui/player_death_title/17.png",
      "ascent": 34,
      "height": 64,
      "chars": [ "\uE817" ]
    },
    {
      "type": "bitmap",
      "file": "minecraft:gui/player_death_title/18.png",
      "ascent": 34,
      "height": 64,
      "chars": [ "\uE818" ]
    },
    {
      "type": "bitmap",
      "file": "minecraft:gui/player_death_title/19.png",
      "ascent": 34,
      "height": 64,
      "chars": [ "\uE819" ]
    },
    {
      "type": "bitmap",
      "file": "minecraft:gui/player_death_title/20.png",
      "ascent": 34,
      "height": 64,
      "chars": [ "\uE820" ]
    },
    {
      "type": "bitmap",
      "file": "minecraft:gui/player_death_title/21.png",
      "ascent": 34,
      "height": 64,
      "chars": [ "\uE821" ]
    },
    {
      "type": "bitmap",
      "file": "minecraft:gui/player_death_title/22.png",
      "ascent": 34,
      "height": 64,
      "chars": [ "\uE822" ]
    },
    {
      "type": "bitmap",
      "file": "minecraft:gui/player_death_title/23.png",
      "ascent": 34,
      "height": 64,
      "chars": [ "\uE823" ]
    },
    {
      "type": "bitmap",
      "file": "minecraft:gui/player_death_title/24.png",
      "ascent": 34,
      "height": 64,
      "chars": [ "\uE824" ]
    },
    {
      "type": "bitmap",
      "file": "minecraft:gui/player_death_title/25.png",
      "ascent": 34,
      "height": 64,
      "chars": [ "\uE825" ]
    },
    {
      "type": "bitmap",
      "file": "minecraft:gui/player_death_title/26.png",
      "ascent": 34,
      "height": 64,
      "chars": [ "\uE826" ]
    },
    {
      "type": "bitmap",
      "file": "minecraft:gui/player_death_title/27.png",
      "ascent": 34,
      "height": 64,
      "chars": [ "\uE827" ]
    },
    {
      "type": "bitmap",
      "file": "minecraft:gui/player_death_title/28.png",
      "ascent": 34,
      "height": 64,
      "chars": [ "\uE828" ]
    },
    {
      "type": "bitmap",
      "file": "minecraft:gui/player_death_title/29.png",
      "ascent": 34,
      "height": 64,
      "chars": [ "\uE829" ]
    },
    {
      "type": "bitmap",
      "file": "minecraft:gui/player_death_title/30.png",
      "ascent": 34,
      "height": 64,
      "chars": [ "\uE830" ]
    },
    {
      "type": "bitmap",
      "file": "minecraft:gui/player_death_title/31.png",
      "ascent": 34,
      "height": 64,
      "chars": [ "\uE831" ]
    },
    {
      "type": "bitmap",
      "file": "minecraft:gui/player_death_title/32.png",
      "ascent": 34,
      "height": 64,
      "chars": [ "\uE832" ]
    },
    {
      "type": "bitmap",
      "file": "minecraft:gui/player_death_title/33.png",
      "ascent": 34,
      "height": 64,
      "chars": [ "\uE833" ]
    },
    {
      "type": "bitmap",
      "file": "minecraft:gui/player_death_title/34.png",
      "ascent": 34,
      "height": 64,
      "chars": [ "\uE834" ]
    },
    {
      "type": "bitmap",
      "file": "minecraft:gui/player_death_title/35.png",
      "ascent": 34,
      "height": 64,
      "chars": [ "\uE835" ]
    },
    {
      "type": "bitmap",
      "file": "minecraft:gui/player_death_title/36.png",
      "ascent": 34,
      "height": 64,
      "chars": [ "\uE836" ]
    },
    {
      "type": "bitmap",
      "file": "minecraft:gui/player_death_title/37.png",
      "ascent": 34,
      "height": 64,
      "chars": [ "\uE837" ]
    },
    {
      "type": "bitmap",
      "file": "minecraft:gui/player_death_title/38.png",
      "ascent": 34,
      "height": 64,
      "chars": [ "\uE838" ]
    },
    {
      "type": "bitmap",
      "file": "minecraft:gui/player_death_title/39.png",
      "ascent": 34,
      "height": 64,
      "chars": [ "\uE839" ]
    },
    {
      "type": "bitmap",
      "file": "minecraft:gui/player_death_title/40.png",
      "ascent": 34,
      "height": 64,
      "chars": [ "\uE840" ]
    },
    {
      "type": "bitmap",
      "file": "minecraft:gui/player_death_title/41.png",
      "ascent": 34,
      "height": 64,
      "chars": [ "\uE841" ]
    },
    {
      "type": "bitmap",
      "file": "minecraft:gui/player_death_title/42.png",
      "ascent": 34,
      "height": 64,
      "chars": [ "\uE842" ]
    },
    {
      "type": "bitmap",
      "file": "minecraft:gui/player_death_title/43.png",
      "ascent": 34,
      "height": 64,
      "chars": [ "\uE843" ]
    },
    {
      "type": "bitmap",
      "file": "minecraft:gui/player_death_title/44.png",
      "ascent": 34,
      "height": 64,
      "chars": [ "\uE844" ]
    },
    {
      "type": "bitmap",
      "file": "minecraft:gui/player_death_title/45.png",
      "ascent": 34,
      "height": 64,
      "chars": [ "\uE845" ]
    },
    {
      "type": "bitmap",
      "file": "minecraft:gui/player_death_title/46.png",
      "ascent": 34,
      "height": 64,
      "chars": [ "\uE846" ]
    },
    {
      "type": "bitmap",
      "file": "minecraft:gui/player_death_title/47.png",
      "ascent": 34,
      "height": 64,
      "chars": [ "\uE847" ]
    },
    {
      "type": "bitmap",
      "file": "minecraft:gui/player_death_title/48.png",
      "ascent": 34,
      "height": 64,
      "chars": [ "\uE848" ]
    },
    {
      "type": "bitmap",
      "file": "minecraft:gui/player_death_title/49.png",
      "ascent": 34,
      "height": 64,
      "chars": [ "\uE849" ]
    },
    {
      "type": "bitmap",
      "file": "minecraft:gui/player_death_title/50.png",
      "ascent": 34,
      "height": 64,
      "chars": [ "\uE850" ]
    },
    {
      "type": "bitmap",
      "file": "minecraft:gui/player_death_title/51.png",
      "ascent": 34,
      "height": 64,
      "chars": [ "\uE851" ]
    },
    {
      "type": "bitmap",
      "file": "minecraft:gui/player_death_title/52.png",
      "ascent": 34,
      "height": 64,
      "chars": [ "\uE852" ]
    },
    {
      "type": "bitmap",
      "file": "minecraft:gui/player_death_title/53.png",
      "ascent": 34,
      "height": 64,
      "chars": [ "\uE853" ]
    },
    {
      "type": "bitmap",
      "file": "minecraft:gui/mce2/corazon.png",
      "ascent": 34,
      "height": 34,
      "chars": [ "\uE940" ]
    },
    {
      "type": "bitmap",
      "file": "minecraft:gui/mce2/espada.png",
      "ascent": 34,
      "height": 34,
      "chars": [ "\uE941" ]
    },
    {
      "type": "bitmap",
      "file": "minecraft:gui/mce2/calabera.png",
      "ascent": 34,
      "height": 34,
      "chars": [ "\uE942" ]
    },
    {
      "type": "bitmap",
      "file": "minecraft:gui/mce2/cofre.png",
      "ascent": 34,
      "height": 34,
      "chars": [ "\uE943" ]
    }
  ]
}